date,mkt,smb,hml,mom,rf
1975-01-01,-0.040798741973879456,-0.03308498913089027,0.00409301825619663,0.03919133914728553,0.0026862956593646323
1975-02-01,-0.021612448305334337,0.005257001767567845,-0.018453132276200584,0.016019559580827427,0.0039112492649090325
1975-03-01,-0.04036244458081353,-0.042900503417721246,0.030294949131720206,-0.06048617513998797,0.0023819259809602774
1975-04-01,-0.0641667303344417,-0.02934414849731744,0.02778447268286954,-0.007947341924428704,0.0030298220194263366
1975-05-01,0.016073120138925756,-0.020771636031628998,0.002815116063832322,0.003820942872885428,0.001962003977626101
1975-06-01,0.01675680114020467,0.028662111197638236,-0.0036495389049671307,-0.016701977617366977,0.004056670847796906
1975-07-01,0.08273567412927424,-0.00874093946354443,0.0009532518072822372,0.07892330853802211,0.0044385718918773616
1975-08-01,-0.023875226575961615,-0.011383858765070278,0.0011611870442134894,0.030832273771306404,0.004403548022629733
1975-09-01,0.019524526533047176,0.06309546797774863,0.0019271821843528827,0.0737123960586551,0.003818541697857889
1975-10-01,0.020272066067366073,0.013426337412850133,-0.0012519739439871853,0.02044441255930366,0.0014883905052479086
1975-11-01,-0.005222690250648989,0.013008829824719608,0.01152103012317939,0.01170661614840373,0.002870069504160724
1975-12-01,0.03969501149373542,-0.00896072310147202,0.026043149880008085,-0.037156695245291964,0.0031890399915222734
1976-01-01,0.04108531340828214,-0.01598752169674011,-0.031477544280358725,0.008372617593435203,0.0031950570306190623
1976-02-01,0.0209334992838893,-0.06527859964053166,-0.026269253077761318,0.00842658843242113,0.003912471826984755
1976-03-01,-0.005303786727150798,0.03253095648963031,-0.04650702285502218,-0.05782146643364319,0.005938312058556529
1976-04-01,-0.009888854884954074,0.016397600878447754,0.02932552461037038,-0.018097318548978954,0.0050181443190269
1976-05-01,-0.05534892544586766,-0.0030541457896158136,0.01145937550252343,-0.007717564728785394,0.002318723330226958
1976-06-01,-0.03006630003779612,-0.0017540277569239276,0.018852757962050347,0.027647018114674633,0.004817604312944951
1976-07-01,-0.021790338575575954,0.025320472130092708,-0.03725544891254058,0.029944805375313896,0.004760453551498604
1976-08-01,-0.04437872930932454,-0.04569601226547544,0.05596349556352401,-0.020103287134329833,0.002590898790572653
1976-09-01,0.025996578500944893,-0.01578632127816797,-0.013456676336215372,0.030305740922010476,0.0050732988839531585
1976-10-01,0.060048254104415444,-0.03272538874966844,0.00907796840622642,-0.0009397886087288152,0.003559435046082105
1976-11-01,-0.034662809454811754,0.05741678775708913,0.028977155159672783,-0.1299417611930379,0.0016850697649783328
1976-12-01,0.018954864608508672,0.02964532148745232,-0.024422412918086084,-0.015465697533674029,0.0044828040869557126
1977-01-01,-0.04033500127883696,-0.06578347187519629,-0.011643406396867336,0.05959145472683417,0.004125442735421787
1977-02-01,-0.0075214976922622955,-0.044426610425839244,0.009395981463425351,-0.07292667631812862,0.0034584835562212583
1977-03-01,-0.02486483106299991,-0.0016027158740820747,0.08706671918847647,0.01320917761994593,0.003743820372525051
1977-04-01,0.033285304187289866,-0.012145646574245165,0.012932617542708705,0.08389253828089378,0.002721371781667307
1977-05-01,-0.02434546782289802,-0.03855584845038353,0.05078447336829083,-0.028709421744503076,0.004715195755695664
1977-06-01,0.0517247186167991,0.06278762936716517,0.03916452121056671,0.007903155860528923,0.003734824048236611
1977-07-01,-0.004857434814798956,0.012188737333459956,0.014872291058341043,-0.054792780346940226,0.004049673265922342
1977-08-01,-0.023032166931767385,0.017219306008755837,-0.024486677377289684,0.08590709479985147,0.0043357128866433085
1977-09-01,-0.050198736805532336,-0.01895246342619863,0.03493285471372881,0.0038000339041625144,0.0020681215783605123
1977-10-01,0.01759420296329074,0.024890498562518074,-0.039245199907793356,0.010038088454112873,0.002458575467176922
1977-11-01,0.04648482810017811,-0.009293415590442364,0.05062537858663566,0.07280642234426987,0.00048508331057568613
1977-12-01,0.01849945654415934,-0.006283638384932481,0.010000153938329403,0.039550962942983096,0.004647113387735611
1978-01-01,0.10694742498864906,0.021441060754583054,-0.07265648287164711,-0.034230179159843506,0.0019816849643798503
1978-02-01,0.07054043536116882,-0.04799892451686929,-0.005674676755923328,-0.023269340356191163,0.003998854564843479
1978-03-01,-0.007638749412265702,0.05200786365538046,0.02316448680676527,0.031556702617118335,0.004356482337409329
1978-04-01,-0.008111234521318116,0.008154065656440149,-0.0026736923181532347,-0.02215781064302112,0.004703529258338781
1978-05-01,0.027336352376840893,0.04220927047219316,0.024935168518813625,-0.09382767898178529,0.0019939746292459114
1978-06-01,-0.03151086311915583,-0.03083801245518337,-0.02045070086365657,0.005244441665324267,0.0037022575727889634
1978-07-01,0.058682973793961896,-0.026118118844873986,-0.03367348881084061,-0.06325020773399086,0.006305420631181623
1978-08-01,0.022472023482961265,-0.033518906869594176,0.0021280833116194436,0.08538152417105885,0.006371472019976475
1978-09-01,0.017740650988633973,0.010259227852610004,0.0051154043514075286,0.01628580661263133,0.005280984641040426
1978-10-01,0.03711291504968673,0.004545482359465629,-0.005903146180807321,-0.03564840272369162,0.004306239708228259
1978-11-01,0.08372734475160765,-0.011896766396166596,0.039791443252623585,-0.02573435590379778,0.0022923404167319336
1978-12-01,0.013892990848437732,-0.028936144979443666,-0.02045601387903267,-0.08289108421794818,0.00487793243808658
1979-01-01,0.001113183310787704,-0.036764484361656115,0.013281802612638133,-0.044974170565464176,0.0035629681568797385
1979-02-01,0.07409238304951601,0.0009969990854096645,0.006171129163745131,0.05658351372195356,0.004640792412909267
1979-03-01,0.049739768719601084,-0.011933190167246603,-0.04094476261194641,0.1149257349836348,0.002850734817721825
1979-04-01,-0.008244092817267502,-0.018753816763106133,-0.03405187532638685,0.04266703263355001,0.003540600330740107
1979-05-01,0.006433390189655904,0.0504597740700799,0.0045454194712103105,0.0033819581461906004,0.004046221040114637
1979-06-01,0.014992141217245937,-5.209602397475118e-05,0.061654799961921955,-0.012934050031387995,0.004169417137240787
1979-07-01,0.022481582507224228,0.04187133095173468,0.020998824545065516,-0.03811179905166539,0.004540584071690373
1979-08-01,-0.05484699329226013,-0.014030817663163593,-0.04584340992919434,0.10666876316830755,0.002931207523212651
1979-09-01,-0.06321180735107021,0.010088064797758364,-0.08600415388846079,-0.0012599376894899946,0.001785073321834696
1979-10-01,-0.03373255099011042,0.0007802434960536184,0.02545855419712701,0.1093502318430002,0.006237177559849693
1979-11-01,-0.037213229935510406,-0.0501262915950618,0.0014098089950822282,0.07468893646128293,0.007533881253535037
1979-12-01,-0.02277208062876261,0.0467784874941813,0.03729671311580072,-0.07575822870462114,0.004471131066803568
1980-01-01,0.03476197889405019,-0.0016897618180048922,-0.021340819700631803,-0.024165714996446007,0.0018140118579048343
1980-02-01,-0.0014018120346132252,0.025638964808621774,0.014356162437897259,-0.02431416596034347,0.002640207324735685
1980-03-01,0.01503775722545847,-0.02081289039630834,0.028739030427808013,0.003967374522924507,0.004563676353576454
1980-04-01,-0.048893653451901775,-0.0026101758289727036,-0.008776445507987972,0.004904915850539833,0.005811673417521928
1980-05-01,-0.014573899131442532,-0.024372423157623998,-0.008156481536700896,0.15161947657911085,0.0019806640481872155
1980-06-01,0.032626594778517815,0.040815952965665196,0.004932622101853324,-0.043906937974788424,0.0036135007687266483
1980-07-01,0.032972860617956075,0.012153689770970947,0.019937614050249533,0.01879055691189072,0.004093898096665953
1980-08-01,-0.026405822268455854,0.013878659327107534,0.0037843138691545826,0.037392371638454554,0.005096867676928812
1980-09-01,0.013474807387079912,0.04460370856025435,0.032445893795025105,0.007724543785478584,0.003284598358399431
1980-10-01,0.10514815340670494,0.03834658020386972,-0.00919612048874387,0.013088667733505185,0.001454277963017113
1980-11-01,0.005408093183496283,0.026225618620224843,-0.034323460958430176,-0.042350826926716184,0.004731796339179354
1980-12-01,-0.02499341257641004,-0.04157354775816134,0.06153228567528221,0.012911337340928725,0.005487193947756857
1981-01-01,-0.0016193075212972098,-0.019066052705017194,-0.013334378359730944,0.03234715181636985,0.0036761128073822587
1981-02-01,0.010347969838707487,-0.028620532216351937,-0.012284820427814671,0.023524828045014174,0.004407860136959647
1981-03-01,-0.0006025771310747222,0.025053544502399775,0.002291703688906654,0.03516964338778039,0.003088263155859394
1981-04-01,0.00478903846955742,0.0077902101942515945,0.006148252179965454,0.07560517923053914,0.0025313408079111585
1981-05-01,-0.05875510586215778,-0.04060588544254844,-0.007013825632160201,0.0527743940118884,0.005339638520820828
1981-06-01,-0.03711837137886781,-0.0033510706033480536,0.0036944169884787375,0.011222141447876975,0.004381243771721692
1981-07-01,-0.0005200856682173894,-0.04381748240728213,0.0030468952885829553,-0.04844440089039734,0.004535552899102823
1981-08-01,-0.0012370586510096516,0.0008521488698374439,0.009269760483603402,-0.02100025318613373,0.00605317272199192
1981-09-01,-0.019278517368700024,-0.04881654762360273,-0.06416713631063216,-0.002742295292035935,0.0022177364985221403
1981-10-01,-0.0017656113734396623,0.018893652294923,0.05874541290322763,0.019912599904389473,0.002971960597760867
1981-11-01,0.008945668493639241,0.01421684140705628,-7.136109250216894e-05,-0.015159972551970963,0.004036900023252043
1981-12-01,0.046223605543603635,0.06164640329375333,0.021038055963962573,-0.03711519356084888,0.002953530143358137
1982-01-01,0.0017354719148277107,0.028784071974417614,-0.0357649389044867,-0.04923353707777618,0.004974704802908675
1982-02-01,0.024159644238421395,-0.010610341930497584,-0.009459007576228255,-0.07145653243466549,0.0035189011686440237
1982-03-01,-0.018172013564526444,0.027860172891509064,-0.01529716012329202,-0.003477633781179305,0.002311200788754216
1982-04-01,0.03194430756193169,-0.04082758030930053,0.04682198917074781,-0.06274394121937464,0.0038986575127814924
1982-05-01,0.023107863392556053,-0.02733665071411365,-0.0127885945982406,-0.04022523283955482,0.004055508156210182
1982-06-01,0.04516176514309187,0.012827418494328412,0.026184319621262643,-0.011107289896526519,0.005202023094344496
1982-07-01,0.03830572081000195,-0.06440573954518575,-0.01466219312752266,-0.056324030850788825,0.004389711354721136
1982-08-01,0.032693103029651574,0.001348015667049626,-0.008925949249964378,0.026028105047937455,0.0044917195870397535
1982-09-01,0.0017712166103998886,-0.02912816205567104,-0.002920954790819892,0.04333070705307299,0.004280437526010837
1982-10-01,0.017222265217001067,0.00564051870975117,0.041431508678049705,-0.018572496949219128,0.0035176662180621044
1982-11-01,0.05405790178031868,-0.03090982709946517,-0.05060572711187343,-0.013177310765280083,0.002725671327333103
1982-12-01,-0.023143355623125746,0.01565169226111085,-0.03395424310295854,0.033596628966675715,0.0042332575274890635
1983-01-01,-0.02207835004135895,0.003099150133689078,-0.05227184980500468,-0.026471764667264593,0.003300312851174539
1983-02-01,0.01436441290776629,0.045911343423321246,-0.02733756147308206,-0.02977122775667016,0.006334733930661523
1983-03-01,0.024887586061945407,0.0027087705571502856,-0.01933640148457111,0.06523192695294194,0.005813273442159829
1983-04-01,-0.0308847924668802,-0.021327926953805455,-0.04261995636862127,0.05024101145821378,0.004749258698527412
1983-05-01,0.0028356846464011234,-0.00515346153064577,-0.0170902846518254,0.03667440011250814,0.004367700408939478
1983-06-01,0.0019700551597046844,-0.039171328307518676,-0.05422671994706903,0.05223094182691646,0.0036680614235282344
1983-07-01,-0.09348760520215618,0.01509025489586864,-0.025321672989262755,-0.08710937881763342,0.0019083144029792974
1983-08-01,-0.0036817295166441883,0.020785357635773438,0.039012191597395815,0.07278410624606915,0.0034757416650170515
1983-09-01,-0.0008793024781809829,0.07904507713747735,0.015904054038151982,0.026618981596019626,0.003952100050107885
1983-10-01,-0.0010131824270358612,-0.01677691570873655,0.009636562493003303,0.05631750643227528,0.004144184711666993
1983-11-01,0.06991614235597707,-0.005801631783930663,-0.02488057813209432,0.02638376539758541,0.004504304550523739
1983-12-01,-0.04851092343289939,-0.015348514257584685,-0.04034646381229699,0.010148391584647498,0.005181995296816528
1984-01-01,-0.030908015704207568,0.009075524735067945,-0.028835526190494138,-0.005414842193378619,0.0027617688924606995
1984-02-01,-0.11134881092437003,0.014332406568868023,0.002946915020015565,0.025422930090537862,0.002775386589186483
1984-03-01,-0.01544124997783633,0.0008453798227161661,0.029377126612073378,-0.007163899627418501,0.005976285019614738
1984-04-01,-0.011603959935670042,0.036176103423064,0.03036865509692429,0.049458052803125395,0.004956472383789723
1984-05-01,-0.016748972935041528,-0.016626364616398104,0.022487758512016655,-0.06834991893850562,0.0032138435868000184
1984-06-01,0.05604548027676919,0.033071395484612076,-0.01718914905797038,-0.01819564136612533,0.003639183246571645
1984-07-01,0.04492778850516334,0.019193433462873555,0.004911945139715653,0.10595151592687903,0.0036459290799876524
1984-08-01,0.009703552592028685,0.002127072483132658,-0.00511893337108013,-0.022251862251474838,0.0038473611834220745
1984-09-01,-0.0104775874092938,-0.007263035863471509,-0.001634503141347757,-0.0036568187070469436,0.00450902463835792
1984-10-01,0.05237853506480887,0.07772670052067246,0.06327670901183458,-0.03456388480080366,0.007602489119149747
1984-11-01,0.005310896307386677,-0.022827268173004463,-0.046898006873104754,0.02392059229851955,0.0040846348417439785
1984-12-01,-0.0306221517513306,0.011735928486020855,-0.0026056276617455647,-0.02754071472682535,0.0047938972256378765
1985-01-01,-0.07103119048680483,-0.02075679117750611,0.039340718308688544,-0.0011093248707384042,0.001270284940714786
1985-02-01,-0.01365915222530572,0.05785424320726048,-0.038310853355972604,0.04854559372968339,0.0030726500108317475
1985-03-01,0.040158962772767384,0.029991616192775312,-0.01446867533272126,-0.02574064410311116,0.0056432225040749075
1985-04-01,0.10864424102943902,-0.018528846244075466,-0.011142116429461547,0.045653333724730606,0.004403473087034924
1985-05-01,0.008972465578526417,0.018390444796368078,-0.00227540193956555,0.04726700714689711,0.0
1985-06-01,-0.02824099818041369,0.010488567359573217,-0.04208275762858029,0.0584378925465261,0.004811034803474295
1985-07-01,-0.047123434372789624,-0.0135153676212169,0.02146329574980314,0.014545967756065935,0.006677246591943154
1985-08-01,0.031037970333751944,0.02600309073407337,0.023522331192881177,0.16338043569488572,0.0008061386208203102
1985-09-01,-0.07320772235729207,0.014568467124236715,0.01894288442552048,0.058417617434019936,0.006079081513468268
1985-10-01,0.03096552956321997,0.00918666013046452,-0.021040836554441358,0.023394125971527676,0.0
1985-11-01,0.04299702228183105,0.0012004889514878085,0.006708812932831558,-0.03424437187592329,0.00520699841758012
1985-12-01,0.025832575395478882,0.01586268927058919,-0.021883766947503536,0.003141161958041233,0.0037870270609816395
1986-01-01,-0.0036847752372350844,0.009611017506266244,-0.005445303162373867,0.07626369489120163,0.00027504317713307556
1986-02-01,0.03162232940960665,0.0043318933237755375,0.06665056988795545,0.0898576615500609,0.00446920674085968
1986-03-01,0.013892226700773499,-0.01737149339561447,0.006975165950291422,0.078759796821131,0.005526259623728088
1986-04-01,-0.028815572883726628,0.055006753463637266,-0.030238270703628025,0.045489230723021745,0.00434583050573236
1986-05-01,0.08946855450687616,-0.030063018243804963,0.0094297248792535,-0.05247168990218745,0.00467724145558942
1986-06-01,-0.009625572082473232,0.015756722785272095,-0.035002081855835976,0.031183767255632166,0.0031824858314914075
1986-07-01,0.04110885352024592,-0.007427463011344419,-0.030571301382935342,-0.05178731414654389,0.001007915367168467
1986-08-01,-0.10263764272130715,0.057045965352928295,-0.025992570942514937,-0.0635986172822764,0.004837796033505596
1986-09-01,0.06364118972514181,-0.02550795865393906,-0.008684974113674821,0.019279616859707454,0.006424630879169444
1986-10-01,0.07229436850945618,-0.020293161114570295,0.03137210087208684,0.03291357346894802,0.005494371281341189
1986-11-01,0.007542520420698719,-0.027564359961116586,0.020973547742488333,0.05116210072707863,0.0008181862555979805
1986-12-01,0.03134469656319913,0.012527416579468919,0.01936686451917252,0.03166253953853251,0.0015276583891835993
1987-01-01,0.03133318317234032,-0.040064570446627895,-0.027668812402125726,0.033316127315651915,0.0025310483873039894
1987-02-01,-0.02272526063383259,-0.012334383337490753,-0.01149811630763381,-0.039463324079634064,0.0014105368230797849
1987-03-01,0.03082050374477031,-0.06422334050848283,0.012088032099612463,0.0027611191351360146,0.0038662848793340585
1987-04-01,-0.03018837114426499,0.009953061977970806,-0.014021279576263975,-0.06454160571045542,0.004390123707770784
1987-05-01,-0.021194061564039673,-0.013006660621444139,-0.003872626768731854,-0.08836171821120939,0.0016546200751364486
1987-06-01,0.05691244144455344,-0.043629759061887444,0.016999402083368535,0.04335085007246756,0.004965692688913293
1987-07-01,0.05005959608150912,0.03615389149219582,-0.005914407754837757,-0.028349970901966018,0.004701655916030021
1987-08-01,-0.025586897595210666,-0.03803767384993312,0.010755728083958731,0.04967992810286657,0.0029777613127344453
1987-09-01,-0.026810935457546824,0.027205254390874675,0.05038912522456748,0.061000683738241857,0.003541217021024024
1987-10-01,-0.022851847110595246,-0.019232265543621938,-0.0007839051706229287,-0.021927231581913488,0.0008752982365204526
1987-11-01,0.03916878049094708,0.052148712714758204,0.03840079648185698,0.03613493253865436,0.0033016067655693886
1987-12-01,-0.03879931513646787,0.025736066706710532,0.020421731951913383,-0.023935522973454797,0.0038110774611954884
1988-01-01,0.022252068756617865,-0.028749483997094875,-0.03835001781111623,-0.08080218598208755,0.0040531213928422846
1988-02-01,0.03980810647854325,-0.025929559118519498,-0.027761973848642204,0.013718851413238004,0.004368315368030261
1988-03-01,0.0022289547368104946,0.02127128136195361,-0.019974280609026996,-0.014801946226356513,0.004166362614845858
1988-04-01,0.051652866358921745,-0.005633722052015171,-0.020590212591050715,-0.01332427250818232,0.0034034844541014943
1988-05-01,-0.007493957627040661,-0.002749617717662332,0.001581597362902388,0.10261646965658522,0.004229292413831475
1988-06-01,-0.0034235020447261474,0.041939404714935034,0.022024677394372843,-0.06544113517116824,0.005303047989965372
1988-07-01,-0.03777608040093354,-0.020709355074468652,0.04059959408443696,0.02617781449783061,0.003656752890035533
1988-08-01,0.051972980642909235,0.005330106937439089,0.013137077573027383,-0.03995074738294807,0.0042763923362475155
1988-09-01,-0.028293420114049162,0.03209346160322148,-0.008724707125543085,0.05139654764483157,0.0035207434060038224
1988-10-01,0.021939731797177665,0.027582642139953605,-0.05618499606526635,0.02212469933640316,0.002829861625280643
1988-11-01,0.0029907769793329356,-0.0024479926931408468,0.0062470976871028,0.026008528760669454,0.004584319500376406
1988-12-01,-0.04117523784002482,-0.006456082306432404,0.004947335617154747,-0.03755470164490848,0.002967161083744692
1989-01-01,-0.021209641472049432,-0.05140327933814887,0.009504933852629772,-0.028948219837839524,0.004379220351488286
1989-02-01,0.06842925075683302,-0.030243594772621073,0.06528096863339665,0.05230802435260253,0.003842383057265068
1989-03-01,0.015274589418551622,0.012369136023816741,0.04017729983959909,0.09279829064292301,0.003344097985219785
1989-04-01,-0.03921176536150789,-0.001774347857209322,0.026966766629249586,0.030854775226760986,0.003307785751780009
1989-05-01,0.019939772930691133,0.004822739435553018,-0.023700236772076392,-0.03527619459702877,0.0030378185113764697
1989-06-01,-0.00037513142175452964,0.03471686189865588,-0.01067684772670556,0.024069049078179278,0.0013312982418664794
1989-07-01,0.16163208810098817,-0.034307016380930505,0.0014495063990734372,0.12431865812820525,0.004374342642742538
1989-08-01,0.01903057286040226,-0.004821589369212148,-0.018286806596300255,0.012716294914507762,0.00414732023791748
1989-09-01,-0.010928118117986402,0.00835003986574775,0.018713471224568422,0.07796836125089278,0.005074505378672741
1989-10-01,0.07010125630041969,-0.019328958064809998,0.014550356627255432,-0.027735809560258173,0.0030028146465398077
1989-11-01,-0.07664662752817805,0.04687579053174993,-0.02736092599858608,0.005779869521453435,0.006643075438215001
1989-12-01,0.010444407037149384,0.03066619085000757,0.038907684563787605,0.037539129894026045,0.00323039607822555
1990-01-01,0.09594928226064826,0.01149413313975142,0.007166999680456948,0.02687175879661748,0.002487335536707956
1990-02-01,0.0009710322038110671,0.058121185159186184,-0.04594306325552528,-0.028986656645335715,0.0023094726202360027
1990-03-01,-0.07179854700916355,-0.04396575366791441,0.002711057107995886,-0.03105683794226878,0.0011991163951555065
1990-04-01,-0.011616308398476896,0.002260485285723865,0.01235498722176424,0.055237651348927615,0.006098941838589692
1990-05-01,0.07165331184315665,0.013856446036955893,0.032410978481636474,0.06499443900720696,0.005856601086152993
1990-06-01,0.0231231318344347,-0.025851206450611584,-0.005586815690671873,0.08038289078985217,0.004701117744327137
1990-07-01,-0.0315485249280633,0.011822150796349578,0.028210209755969006,0.09438866319613766,0.0024558667883363304
1990-08-01,-0.024635926323056077,-0.03180405730742422,0.009627117616336254,0.01426173294348463,0.0065169015223386795
1990-09-01,-0.0189865122017416,0.023907276866501848,-0.0339365836620898,-0.007137563723116482,0.003272421257717516
1990-10-01,0.022453904782429826,0.03529287781199611,-0.036839836430992895,0.0726475650613665,0.0033964612531600215
1990-11-01,0.06641882598223939,0.010942335434978178,0.03675423623433111,0.04202732552887616,0.005955888620654114
1990-12-01,0.053559035575962685,-0.054936732267013316,0.0388835411730713,-0.039357852416044385,0.0047883658767213086
1991-01-01,0.026720548194910782,-0.027470599156147073,0.013564367681736966,-0.04181451194490775,0.007101654708131891
1991-02-01,-0.053724014202586746,0.020006010099607983,0.04757549491422083,0.031412649665102835,0.004173083390478529
1991-03-01,-0.05355696312970486,0.00315715794888334,0.034841685622206596,-0.0007091837512319807,0.0032044538006319127
1991-04-01,0.03019634095461935,-0.08101408114846713,0.02402523315491191,0.006531362172446519,0.0028822926748103064
1991-05-01,-0.054346199406980246,0.041027741899915454,-0.02222803317327648,0.05928160150608935,0.0010295057342140593
1991-06-01,-0.003950515948087191,0.0067363516938688025,0.05441143377993796,0.044233782959281716,0.003382106340790693
1991-07-01,0.019886770078377962,-0.022891314584001395,0.019752741534039914,0.07163391592408472,0.005516890008241071
1991-08-01,-0.044991729791320996,0.03334362352456659,-0.006989324463737027,-0.0849137331059216,0.004698251258984104
1991-09-01,-0.03989180504614886,-0.018503740400113867,-0.015179830153853643,0.01996310002661764,0.0038304620098406086
1991-10-01,0.0019645520944481607,-0.018842015645730657,0.011646729663901848,0.04114504907506593,0.002307598334275506
1991-11-01,0.028864262938582422,0.013608932181435123,-0.04426071346031518,-0.06547612112100883,0.0041403095270191054
1991-12-01,0.05396834466861905,0.05771219223651114,0.024490524985233013,-0.02363499078287866,0.0053192205577930595
1992-01-01,0.03351740456467483,0.052831202517159476,-0.023453553626126777,-0.03254328779178811,0.004446078884704977
1992-02-01,0.009514546774648754,0.013651056466027307,0.014947635155904315,0.008841512210875977,0.004050102754450039
1992-03-01,-0.02737876391006722,0.016833955424359913,-0.010926989783386624,0.08593699049731507,0.002604563520078191
1992-04-01,-0.04199081481300337,0.027036466894629574,-0.0034681426690164052,0.10488429142391524,0.005100772721168019
1992-05-01,-0.01678946897481164,-0.036466493936449816,-0.01775038631018688,-0.03128580254751755,0.0
1992-06-01,0.024647101324125523,0.022468598451711456,-0.0004756535042432439,0.03307474802369156,0.004374268563297717
1992-07-01,0.02134806679823043,-0.020256277512449374,0.058992006834503265,0.034622296902831126,0.007655482971416898
1992-08-01,-0.0882955893576305,0.012372820070694002,0.04436672918441058,0.026406037032707892,0.0015374399190022296
1992-09-01,-0.02915546627203763,-0.004551496455827458,0.014479889694868242,0.026951022467483234,0.003437945817947951
1992-10-01,0.06040283982227701,0.018037458140540644,0.0034664662986163813,0.022379640117663746,0.0037881335148129106
1992-11-01,0.009764677151186275,0.006161207415200263,0.028681834530093663,0.08880336579870815,0.003106125778915134
1992-12-01,-0.05756540108963437,-0.0927639383954603,0.03696914142911914,0.06071839268966677,0.005354561363838469
1993-01-01,0.1122119531719168,0.008045643062860599,-0.019864733084018347,-0.04308738708471682,0.004508676521532952
1993-02-01,0.004897622045835591,0.022406741521277144,0.001954272838666136,0.04599461188226637,0.004028450558820979
1993-03-01,0.023495028169103357,0.016323778798492065,-0.048636788657474325,0.05063392197654971,0.00499590884175392
1993-04-01,0.02417861402203105,-0.0006801643324659688,0.036769961197565953,0.022918429783285867,0.0038251260636076134
1993-05-01,-0.01034179597720837,0.05340701244984259,0.0640857034733248,0.062108369784131014,0.00856979673323527
1993-06-01,-0.026540815681962742,0.012152567002771494,0.006522396114069479,0.016827553646353785,0.004027020400485111
1993-07-01,0.10167537432796732,0.016067872305986296,-0.05742529362218747,0.017422450611660038,0.004092923147734556
1993-08-01,0.05134426413279877,0.034879248715567635,0.021857824980733898,0.01361954614449808,0.0012342979256400868
1993-09-01,0.04318717404989044,0.013740382990594564,-0.02201858581832333,-0.08907571611838411,0.002984824509044864
1993-10-01,0.032133013627319476,-0.02533855035584031,-0.015037133808269338,0.0039408770925180485,0.005521066522699715
1993-11-01,-0.038949282566275806,-0.07308845982716829,0.02237071530393911,-0.024276027573819393,0.0017968147244601914
1993-12-01,0.06368885862831232,-0.012290747962560524,0.011582069639869005,-0.049149502953242746,0.0005636642385470677
1994-01-01,-0.03174096961052872,0.02608931130231461,-0.00995515448481945,0.07663287766749709,0.0038484732067813623
1994-02-01,0.018947905916779056,-0.00844598627395198,-0.014638563345448267,0.03200196088965397,0.005856116761212467
1994-03-01,-0.0675725457459056,0.027336529540733612,0.00784924560140415,0.006368108114661705,0.0038635718430441884
1994-04-01,-0.08563864827913838,0.007110573453528463,-0.007674501022858657,-0.01931056085291646,0.0032958130960604845
1994-05-01,0.02052310411939016,0.042430048178127726,-0.02796787687448721,0.022016140062179532,0.0010122680933885302
1994-06-01,-0.03020946702377086,-0.006651717920740494,-0.005444332262872441,0.055388932479240635,0.00447838118405329
1994-07-01,-0.08331254070837729,0.01699605962359833,0.014048186074400337,-0.03189436049025316,0.004791912663324568
1994-08-01,0.030527427632618398,0.018182437000596133,-0.0009650005377693669,0.0075682381307227205,0.0011274012513483493
1994-09-01,0.1016036346972855,0.04904965805156699,-0.036791749349197364,0.049467191944856284,0.005501798673045828
1994-10-01,0.06873021163610277,-0.050405756496362614,0.032882874019890644,-0.08512805419603824,0.004948543288838163
1994-11-01,-0.005379304836955263,-0.011710656511147884,-0.07522553167135668,0.005036651404540606,0.005498473913821018
1994-12-01,0.0065980388013625576,0.028803999267043617,-0.008744589495824621,-0.012805985786281851,0.004675287637750013
1995-01-01,0.046146781555276094,0.05042279087313809,-0.013785755182063559,0.0013761668277583695,0.004780524063216978
1995-02-01,0.0566957608925708,0.009942216891904491,0.00849718745827103,-0.01627817070585134,0.004581081348052608
1995-03-01,-0.009259107347156442,-0.0065738290970660945,0.020488192426279327,0.01440598104995019,0.005102708482251793
1995-04-01,0.007737997207605843,0.025970669428907786,0.03687617943957002,0.10013410658029047,0.001071863346314122
1995-05-01,0.01972766630440414,0.02942978293218217,-0.016459741327212646,-0.007748278748570449,0.0015484108495677279
1995-06-01,0.031124434412547433,-0.008649512038686523,0.021210887782670967,0.021802128436517118,0.0026959881497153424
1995-07-01,0.00021156010949298885,0.012739526677503932,0.009878733248562373,0.10354782808363742,0.00360526974249117
1995-08-01,0.0007961639719065083,0.03909634513477105,-0.04543464188031347,-0.018600747761882655,0.004382205384962269
1995-09-01,0.06829245483894747,0.06110422879150801,0.05931566740758918,0.09490441674859051,0.004287022479843275
1995-10-01,0.060628431609929874,0.025520753736294047,-0.03752447868996578,0.008055504318101148,0.005475658717184047
1995-11-01,0.027683475804623974,0.0038683057966333867,0.016365420896981734,0.09333101884151647,0.005522742947870527
1995-12-01,0.08355990815103179,0.0008236695428248456,0.015508838381734683,0.043809653997423315,0.0024914223375593104
1996-01-01,-0.011190059300188765,0.019779293273002308,0.012193466687543234,0.02254120140395624,0.004157864165075707
1996-02-01,0.07923380518832211,-0.0010858581168629554,-0.010142729582686617,0.004649727269443847,0.0025282526784172425
1996-03-01,0.03061319495909977,0.008378855469694036,0.028190326883074563,-0.022153989114202105,0.00351762944246965
1996-04-01,0.15339617549965653,-0.030294164200457118,-0.04105065674434977,0.011437994398288933,0.004282687053572742
1996-05-01,-0.0474616867052115,0.042708773091225935,0.002290965128456235,0.05087335003296116,0.0
1996-06-01,-0.02482053634978037,-0.03284572654160903,-0.012152365620021296,0.007170651312159813,0.007416866059459527
1996-07-01,0.025045902269024645,-0.01089546457404339,-0.015441640319943915,-0.007397894642969169,0.004649613016096212
1996-08-01,0.024075532384054635,0.005525391086406229,0.016633685836152826,-0.004237561640533099,0.002906445086879891
1996-09-01,0.09395625428787582,0.0642205932765478,0.035446877738870806,0.05543887745198656,0.006691054632845342
1996-10-01,-0.02387686074847902,-0.010603172530422148,-0.005754417093269115,0.06660774984479308,0.0032788532442707087
1996-11-01,0.04692133334122479,-0.01814649023277229,0.02683975160784754,-0.02422322466088178,0.003998779078742087
1996-12-01,0.0585108352106898,-0.014575324437347608,0.0056424792978933555,-0.024292217157479506,0.003069326284403559
1997-01-01,0.03790915244992914,0.05392581219595069,-0.021689234067902248,0.026009228144021394,0.00627798775616501
1997-02-01,-0.0370448353865944,-0.08468275679868666,-0.0032806107039908506,0.08112153910834823,0.0036425229405411793
1997-03-01,0.0695491462364389,-0.028584878376606195,-0.004485090832956832,0.06280753479900288,0.004024226151109264
1997-04-01,0.06151962190919361,0.0871699499839461,-0.01600313746265795,-0.052288906184635754,0.005605673229538169
1997-05-01,0.033181303390566984,0.02081734427824074,0.016626004931019178,-0.004875646559609381,0.004677709186191615
1997-06-01,0.015395645924402936,-0.031785533429515817,0.011004739443438018,-0.036868970625096587,0.0037184779022988923
1997-07-01,0.016374860451996705,0.0012005425525820827,-0.041928841249813116,-0.0050406010519323955,0.005465586458536195
1997-08-01,0.0026568893492280024,0.004591091548103712,-0.04369425386194137,0.08481167980969702,0.007607724844141928
1997-09-01,0.03503533104136888,0.028729882623073782,0.016515849142966877,-0.06048483114158483,0.004276115673199132
1997-10-01,0.00760106838252399,0.05952456208749947,-0.019443306435041503,-0.06990553407744912,0.00397514013180885
1997-11-01,-0.03198362389086886,0.01454510211965568,0.012959193497909395,-0.03197059936481291,0.004055940625428622
1997-12-01,-0.040986624017241645,-0.014233437393401783,0.02684701576516646,0.021590908923647654,0.005765644251247277
1998-01-01,-0.027641631414353145,0.026899617705044333,-0.032657632284761214,0.03759623139075633,0.0029012033974506165
1998-02-01,0.016195950914725327,-0.019145833602748696,-0.03673458038270936,0.028797524873353596,0.0033825236604325083
1998-03-01,0.00498698736041567,-0.029533462375659913,0.05275851878946356,0.06423289935508879,0.001493835576310038
1998-04-01,0.015890470697993715,-0.05205717503064979,0.014395552705911311,-0.0768281085232286,0.0020241982060400397
1998-05-01,0.028736591009574996,-0.046018980229512424,-0.007957979043524858,0.06484015384122897,0.003023299995953044
1998-06-01,-0.02202944166625955,-0.02528979983985243,-0.02288427312674164,-0.007180575362221991,0.003716094508909366
1998-07-01,0.07215470757554064,-0.034011482798727004,-0.010602784618311108,0.042911726870633646,0.006453624988655179
1998-08-01,-0.005846987217136348,0.012210332348616239,-0.030326597747285997,-0.055724420484633816,0.004603989207387836
1998-09-01,-0.013304214315167904,-0.03468145660054509,0.029818953048627115,0.008037921456435369,0.0024318822347153095
1998-10-01,0.027907380679960358,-0.09495365536276706,-0.018325783454583303,0.01914099698827265,0.0027080292719538273
1998-11-01,-0.07644295910687827,-0.02986126501227344,0.03591250305827175,0.06327604979992407,0.0058621230248459815
1998-12-01,-0.029374050237531365,-0.012127649079363999,-0.007418238673330325,-0.06829222188517273,0.005489915522943789
1999-01-01,0.050348275941132475,-0.01626893412403093,-0.026057155324902125,0.0092761223296754,0.0038422248653363048
1999-02-01,-0.07198398680779498,0.049605265058584716,-0.008162746052400239,-0.044291293974822864,0.003136210301691752
1999-03-01,0.05649083886199201,-0.016519819337963655,-0.07190083654754109,0.0320638101219972,0.005487399253556964
1999-04-01,0.07420114548616105,0.029808627359175135,0.0006977112764537993,0.04510639374989406,0.0023100093099129703
1999-05-01,-0.010425490202068673,0.0019115394098932871,-0.0007334565427745991,0.06958417164038821,0.004388045597086284
1999-06-01,0.01933157453418395,0.0011885535041494392,0.028117539649891058,-0.01788141380680197,0.007208988486339997
1999-07-01,0.056558918818296194,-0.023396788954289146,-0.050502842911518,0.05230687131306194,0.004108033523377186
1999-08-01,-0.014805513461958384,0.0006777378009962182,0.03789412446504289,0.07312327619889855,0.002636585781107594
1999-09-01,0.04524989842367816,-0.021217979933819926,0.027997379554932023,-0.07107585455306241,0.0044155530540073065
1999-10-01,-0.02400169578088022,0.007770753741891685,0.040509263347261217,0.037192556164725624,0.0030949869214769786
1999-11-01,-0.015292103199993069,-0.004823738611334335,0.002671080095880015,0.05380854018144509,0.0017088262343698782
1999-12-01,-0.029770140894623816,-0.02678346592893961,0.033603008188979905,-0.004618866546596995,0.0048515540403081606
2000-01-01,0.021619123963766154,0.033248724530718456,-0.038466077012300245,-0.05031713172120521,0.005476751600824583
2000-02-01,0.058308607365449724,0.015732054880664186,0.024878379390931456,0.05306187629326384,0.003333639991891141
2000-03-01,-0.0020850819452723933,-0.011389944758409695,-0.018163720100898412,-0.04977642372277233,0.00323414648885559
2000-04-01,-0.051006212196058144,0.007010284458094611,-0.04369065314026514,-0.0007608688565233128,0.0023576519133172557
2000-05-01,-0.042521807002906704,-9.849816656087298e-05,-0.028400075026766457,0.005874045225440207,0.00357509659929865
2000-06-01,0.023956973961674316,-0.024395319055161492,0.0043604030202488465,0.04214582648179197,0.0029564474256152137
2000-07-01,0.08918523860274212,0.004685383099656079,-0.019704677038310497,-0.022278314856601564,0.0022834509699451166
2000-08-01,0.02391762496914789,-0.01675136439902861,0.015106132419178197,-0.02506001706373704,0.006638253245599409
2000-09-01,-0.01121034477930637,-0.02679294890422308,-0.0482388890951165,0.012547942980629324,0.004499739225124261
2000-10-01,0.040678278508262784,-0.047805787238262266,-0.057485828764859984,0.056106742925747966,0.004658592662044029
2000-11-01,-0.004577438601403585,-0.008616827959697551,0.0439992355901637,0.11759760003135106,0.00512509935339864
2000-12-01,-0.010822834781389287,0.020076090447095424,0.030410203752641595,-0.06455909758938118,0.004956554325139708
2001-01-01,-0.036930659756286864,-0.01903443995474465,-0.02622960824150042,0.02293641685375575,0.0031803350708049277
2001-02-01,0.06958019799108602,0.08064196945689706,0.004113010339354354,-0.04435368125924601,0.0042088289344572
2001-03-01,-0.10806435628730486,0.029956255263234702,0.03376570474583839,0.05670293967392365,0.0033964542736090097
2001-04-01,0.04210366401256711,0.04293423411247482,0.016356817640427557,-0.03725013827084318,0.00445769543716499
2001-05-01,-0.01466852220088916,0.027152533374286515,0.008498469789320874,-0.024583114472751542,0.004312536328937246
2001-06-01,-0.012265332915322572,0.05993881422309576,0.035959468358065315,-0.02048500123507182,0.003226009608703697
2001-07-01,0.08235418202530155,-0.021897061487648806,-0.01699066178083539,0.004142450941449414,0.001806051915617301
2001-08-01,-0.025935899149002305,-0.07688285895541726,0.005104175011274232,0.02331348464921796,0.0040193555854482615
2001-09-01,-0.024403111931278455,-0.011329893858939375,0.0036823894895206422,0.031017666893208656,0.0034935957682890517
2001-10-01,0.0003322592486211338,0.019804775841973665,-0.003710099382460234,0.007523157783226405,0.0009644416284368624
2001-11-01,0.02482313236155072,0.007197026124187333,-0.007104359831201811,-0.0560347690771479,0.004561492653333076
2001-12-01,-0.013683510203179122,0.011039650940001295,0.006313178897026231,0.04273373521488909,0.005248013168364163
2002-01-01,-0.06462365187411484,0.043448210082766045,0.005197817383580298,0.00525798414417466,0.007592534712813426
2002-02-01,-0.032756418139679444,0.014343784808337489,-0.026204401633501247,0.06356326992070555,0.0032132037450190083
2002-03-01,0.06386002354090337,0.027266300755321667,0.027452081387112973,-0.026171461415036963,0.0029919321551763983
2002-04-01,0.009564955511098015,-0.026626444997435526,-0.02411517102522149,-0.06910918691284773,0.002135868454341138
2002-05-01,0.026498927766671992,-0.031457204365697135,-0.002128769891868043,0.006166751871212388,0.00411296285973051
2002-06-01,-0.00556395432278669,0.05253753161375912,-0.0043631337088814925,0.07000572903764471,0.004103477270837532
2002-07-01,-0.02347739632779713,0.005627947589559104,0.01458500476711726,0.01552522255757044,0.0025830554978198764
2002-08-01,0.0816906252443935,-0.016820104686830182,-0.057254014266302646,-0.0017841503602971142,0.0035376051769942397
2002-09-01,-0.00226863356729863,-0.016763229299960665,0.030036384632954286,-0.03397665684755679,0.0008320014996659646
2002-10-01,-0.013751644578720707,-0.017622816770785987,-0.015432720080752759,0.09217279040067948,0.00518956512174987
2002-11-01,0.055526406485990276,-0.019477729652421095,0.039578935548534575,-0.04162092455446941,0.0026439811104917495
2002-12-01,-0.026306216149032332,-0.03727758188071345,-0.009666782810968475,-0.027018924366155515,0.003748015472880531
2003-01-01,-0.02056273046982985,-0.04401303246883576,0.002783536013713695,0.035161641412033096,0.0016599598680533314
2003-02-01,0.00666110078076041,-0.0035451357072869938,0.05969979516198429,-0.0812889931145659,0.00292646960080764
2003-03-01,0.006212154683968086,-0.015880701979932386,-0.0038428080550163843,0.0689803519383043,0.0033806132697237093
2003-04-01,0.017882510655644647,0.03682193784874215,0.040126646655530306,0.037761269482433066,0.0037830637295587547
2003-05-01,0.10032510902279695,0.011585376251274414,0.005332307481372242,0.05096309144693327,0.004519598773283767
2003-06-01,0.02133117108585667,0.010724848082417478,0.016247146078511198,0.0345896165735834,0.00595861262522933
2003-07-01,-0.10081242832378602,-0.02053673263418797,0.00622879909292986,6.607116209423648e-05,0.0048990664141540345
2003-08-01,0.02088345245442024,-0.0012518808891792466,0.028787697162703598,-0.0432311380874603,0.0052432468147193675
2003-09-01,0.007904599752031947,0.01369103421257465,-0.015680416772738487,0.0010763788212018906,0.0059691561649147075
2003-10-01,0.008155251095815594,0.024702067931092933,-0.024337407167556377,-0.03901134296412647,0.004654561822284046
2003-11-01,0.017267628922827682,-0.0004106466220693307,-0.014318709520933628,0.03113545488366641,0.003744939206571507
2003-12-01,0.004909477054634028,0.03595283715905048,0.00709160091339864,0.046525431866308885,0.005313667859382583
2004-01-01,0.0038324558125074947,0.002747668576146224,-0.0022037447809595536,0.07868681429751397,0.005409513928942485
2004-02-01,0.033786989439685375,0.027078260674048074,0.024797971417664117,0.025644846746537435,0.004772848756949053
2004-03-01,-0.018193635873752542,-0.012685418466263658,0.042037219294824076,0.05217961711656894,0.0016180586044458457
2004-04-01,-0.036445885103762905,-0.05369023936362789,-0.02409931177981525,-0.006462947387046824,0.0025378097703580285
2004-05-01,0.1422701653680076,0.010819128628574202,-0.017084514956804044,-0.015157302624393347,0.003387718843954274
2004-06-01,-0.0260135849701555,0.02498504595754539,-0.03745094313107276,0.030536250759206473,0.004969431531103849
2004-07-01,0.010706431060703441,0.020335767286034652,0.063080816732014,-0.01075069789041162,0.0037679803713941604
2004-08-01,-0.06110471128939153,0.01558778650456064,0.013035415474532977,0.02072091786372757,0.005505302950175845
2004-09-01,0.011441078677313987,-0.008306195944604605,0.018114267281495754,-0.04313722508810021,0.005772854943116422
2004-10-01,-0.03579514978102008,-0.02250913379481336,-0.03466604316590039,-0.034518128758862454,0.005598755703015809
2004-11-01,-0.013711282428250489,0.019603576340357195,0.004166070318800635,0.03829964644887793,0.00560831084672043
2004-12-01,0.053227909959700566,0.015719869902146525,0.018968191547979473,0.05036112361949262,0.0022445091430119226
2005-01-01,0.027440430577013317,-0.014887871816158615,-0.0031299730254983242,-0.03951149611040066,0.004523953249183664
2005-02-01,0.031778428605866854,0.03689214986495377,0.03539546311996544,0.039989486904308195,0.0028887064385668755
2005-03-01,-0.07350421772763382,-0.02486883095097562,0.07124310264364205,-0.017771312305693183,0.0013264005029612023
2005-04-01,0.08886028264230557,-0.015589224742522253,-0.023264821985724604,0.008592248457614877,0.0033687933019162456
2005-05-01,-0.04743465899238438,0.053229181582591614,-0.025440530133324205,0.07581333195795106,0.005787105448440877
2005-06-01,0.07498523664322392,0.029426040069751292,-0.021254925900328722,0.04655938723310153,0.004491113015177696
2005-07-01,0.05216947396916687,-0.0085982884826217,0.050779775640478225,0.046001855425065255,0.0068267140574088375
2005-08-01,0.0321799733803106,0.011408801998950066,0.034428304193860844,0.0994219372059344,0.004065845217902167
2005-09-01,-0.03227431514087717,0.007298559580238988,0.00026969328398419434,-0.02598620837039029,0.007471704130389362
2005-10-01,0.01302154301687853,-0.08261402981429872,0.005260230267625354,-0.039521998799642195,0.004066281838275577
2005-11-01,-0.01499146347901869,-0.025600692433674833,-0.01947976515970492,-0.026861868970972348,0.0038337204442306047
2005-12-01,0.007506780717738131,0.0009237548696122728,0.030010787574552337,-0.004416050563517523,0.0018809148681177554
2006-01-01,-0.005044251658850194,-0.008554955773338492,-0.006817152899148057,-0.10521842948601089,0.005465844110439152
2006-02-01,-0.08553747279575837,0.010160179509743038,-0.00334221964419498,-0.0021565553614468986,0.0030468123065892816
2006-03-01,0.05668028679430646,0.037513951701385516,0.021854903374348447,-0.018339395130955772,0.002829428540886909
2006-04-01,0.0025501779552787474,-0.00746760932427175,-0.001251853204413414,0.04542046883509435,0.0057218458456438585
2006-05-01,-0.015616017977600663,-0.030287298679808814,-0.002614013811437545,0.024716130192481926,0.005537334003193936
2006-06-01,-0.019014725477339546,0.012570401413842403,0.004506680960343177,-0.021033438132928173,0.005498077050816019
2006-07-01,0.022330680936504567,-0.007625323340601908,0.02726530699999922,0.03611812057741939,0.0032567132989175284
2006-08-01,-0.034019035223251254,-0.002337968525478982,0.05194829918903116,0.042516626871540945,0.0037235362020421226
2006-09-01,-0.09528290013133195,-0.006544985293745437,0.021179100735136375,-0.029090197909987715,0.003710218403456223
2006-10-01,0.024520841144372425,0.07199697180034056,0.027496112485103738,-0.015865164258356084,0.004973777271008597
2006-11-01,0.029559634908056975,-0.0669618320909363,-0.0015957678009326072,-0.09901743298070317,0.006130347002741345
2006-12-01,-0.0027834321104934804,-0.00953835099711203,-0.01632613803189279,-0.04455167876972567,0.0043522198327976104
